{"cameraMode":{"drawMode":0,"name":"Shaded","section":"Shading Mode"},"sceneLighting":true,"audioPlay":false,"sceneViewState":{"showFog":true,"showMaterialUpdate":false,"showSkybox":true,"showFlares":true,"showImageEffects":true,"showParticleSystems":true},"in2DMode":false,"pivot":{"x":-4.665453910827637,"y":-2.1323275566101076,"z":4.04272985458374},"rotation":{"x":-0.14313574135303498,"y":0.3883957862854004,"z":-0.061209313571453097,"w":-0.9082479476928711},"size":10.0,"orthographic":false}