{"cameraMode":{"drawMode":0,"name":"Shaded","section":"Shading Mode"},"sceneLighting":true,"audioPlay":false,"sceneViewState":{"showFog":true,"showMaterialUpdate":false,"showSkybox":true,"showFlares":true,"showImageEffects":true,"showParticleSystems":true},"in2DMode":false,"pivot":{"x":2.670748710632324,"y":0.13565313816070558,"z":-30.7800235748291},"rotation":{"x":-0.20678578317165376,"y":-0.7631970643997192,"z":-0.537040114402771,"w":0.29386717081069949},"size":1.790163278579712,"orthographic":false}