{"cameraMode":{"drawMode":0,"name":"Shaded","section":"Shading Mode"},"sceneLighting":true,"audioPlay":false,"sceneViewState":{"showFog":true,"showMaterialUpdate":false,"showSkybox":true,"showFlares":true,"showImageEffects":true,"showParticleSystems":true},"in2DMode":false,"pivot":{"x":3.060089111328125,"y":0.46497011184692385,"z":-30.68285369873047},"rotation":{"x":-0.07699459046125412,"y":0.6877160668373108,"z":-0.07373593002557755,"w":-0.718109667301178},"size":20.898818969726564,"orthographic":false}