{"cameraMode":{"drawMode":0,"name":"Shaded","section":"Shading Mode"},"sceneLighting":true,"audioPlay":false,"sceneViewState":{"showFog":true,"showMaterialUpdate":false,"showSkybox":true,"showFlares":true,"showImageEffects":true,"showParticleSystems":true},"in2DMode":false,"pivot":{"x":3.060089111328125,"y":0.46497011184692385,"z":-30.68285369873047},"rotation":{"x":-0.13012701272964478,"y":0.5172150135040283,"z":-0.0799216777086258,"w":-0.8421212434768677},"size":22.0,"orthographic":false}