{"cameraMode":{"drawMode":0,"name":"Shaded","section":"Shading Mode"},"sceneLighting":true,"audioPlay":false,"sceneViewState":{"showFog":true,"showMaterialUpdate":false,"showSkybox":true,"showFlares":true,"showImageEffects":true,"showParticleSystems":true},"in2DMode":false,"pivot":{"x":1.856842041015625,"y":-7.606627464294434,"z":-32.492374420166019},"rotation":{"x":0.22566218674182893,"y":-0.45308917760849,"z":0.11971306055784226,"w":0.8540817499160767},"size":16.82018280029297,"orthographic":false}