{"cameraMode":{"drawMode":0,"name":"Shaded","section":"Shading Mode"},"sceneLighting":true,"audioPlay":false,"sceneViewState":{"showFog":true,"showMaterialUpdate":false,"showSkybox":true,"showFlares":true,"showImageEffects":true,"showParticleSystems":true},"in2DMode":false,"pivot":{"x":10.320600509643555,"y":-0.41772374510765078,"z":-39.424949645996097},"rotation":{"x":0.04337264597415924,"y":-0.652126669883728,"z":0.0374162457883358,"w":0.7559429407119751},"size":2.424323558807373,"orthographic":false}