{"cameraMode":{"drawMode":0,"name":"Shaded","section":"Shading Mode"},"sceneLighting":true,"audioPlay":false,"sceneViewState":{"showFog":true,"showMaterialUpdate":false,"showSkybox":true,"showFlares":true,"showImageEffects":true,"showParticleSystems":true},"in2DMode":false,"pivot":{"x":-19.998703002929689,"y":-7.509537696838379,"z":-37.943851470947269},"rotation":{"x":0.08043235540390015,"y":-0.6751218438148499,"z":0.0744348019361496,"w":0.7295207977294922},"size":33.30354309082031,"orthographic":false}