{"cameraMode":{"drawMode":0,"name":"Shaded","section":"Shading Mode"},"sceneLighting":true,"audioPlay":false,"sceneViewState":{"showFog":true,"showMaterialUpdate":false,"showSkybox":true,"showFlares":true,"showImageEffects":true,"showParticleSystems":true},"in2DMode":false,"pivot":{"x":5.891456604003906,"y":-5.291568756103516,"z":-28.562641143798829},"rotation":{"x":0.06888841092586518,"y":-0.6944723725318909,"z":0.06709227710962296,"w":0.7130646705627441},"size":21.486024856567384,"orthographic":false}