{"cameraMode":{"drawMode":0,"name":"Shaded","section":"Shading Mode"},"sceneLighting":true,"audioPlay":false,"sceneViewState":{"showFog":true,"showMaterialUpdate":false,"showSkybox":true,"showFlares":true,"showImageEffects":true,"showParticleSystems":true},"in2DMode":false,"pivot":{"x":8.234823226928711,"y":0.7114362120628357,"z":-30.548627853393556},"rotation":{"x":0.016576232388615609,"y":-0.6867027878761292,"z":0.015666594728827478,"w":0.7265803813934326},"size":11.946293830871582,"orthographic":false}