{"cameraMode":{"drawMode":0,"name":"Shaded","section":"Shading Mode"},"sceneLighting":true,"audioPlay":false,"sceneViewState":{"showFog":true,"showMaterialUpdate":false,"showSkybox":true,"showFlares":true,"showImageEffects":true,"showParticleSystems":true},"in2DMode":false,"pivot":{"x":8.633359909057618,"y":0.22532951831817628,"z":-34.77394104003906},"rotation":{"x":0.03289181366562843,"y":-0.6596449613571167,"z":0.028917759656906129,"w":0.7503002882003784},"size":11.40310287475586,"orthographic":false}